Title,Type,Release Year,Platform,Genre,Creator/Director,Main Cast,IMDb,RT Score,Awards & Noms,Seasons,Short Synopsis,Viewership/Views,Popularity Indicator
Game of Thrones (S5),TV,2015,HBO,Fantasy,"David Benioff, D.B. Weiss","Kit Harington, Emilia Clarke, Peter Dinklage",9.2,93%,12 Emmy Wins ,8,Families battle for control of the Iron Throne.,20.2M avg ,Extreme
Veep (S4),TV,2015,HBO,Political Comedy,Armando Iannucci,"Julia Louis-Dreyfus, Tony Hale",8.7,100%,Emmy Best Comedy ,7,Selina Meyer navigates the Vice Presidency.,4.5M avg ,High
Silicon Valley (S2),TV,2015,HBO,Comedy,Mike Judge,"Thomas Middleditch, Kumail Nanjiani",8.5,96%,5 Emmy Noms ,6,Tech start-up struggles in California.,5.3M avg ,High
Ballers (S1),TV,2015,HBO,Sports Dramedy,Stephen Levinson,"Dwayne Johnson, John David Washington",7.6,81%,1 Emmy Nom ,5,Retired NFL star becomes a financial manager.,8.8M avg ,High
The Leftovers (S2),TV,2015,HBO,Supernatural Drama,Damon Lindelof,"Justin Theroux, Carrie Coon",8.3,94%,Critics' Choice Win ,3,Dealing with a global disappearance event.,1.3M avg ,Cult Favorite
Bessie,Movie,2015,HBO,Biography,Dee Rees,"Queen Latifah, Michael K. Williams",6.6,90%,4 Emmy Wins ,1,Life of blues singer Bessie Smith.,2.4M viewers ,Moderate
Togetherness (S1),TV,2015,HBO,Dramedy,Duplass Brothers,"Mark Duplass, Melanie Lynskey",7.5,93%,1 Emmy Nom ,2,Two couples living under one roof.,1.1M avg ,Moderate
Getting On (S3),TV,2015,HBO,Dark Comedy,Mark V. Olsen,"Laurie Metcalf, Niecy Nash",7.7,91%,2 Emmy Noms ,3,Daily lives of staff in a geriatric wing.,0.8M avg ,Moderate
The Brink (S1),TV,2015,HBO,Satire,Roberto Benabib,"Jack Black, Tim Robbins",7.1,55%,1 Emmy Nom ,1,Geopolitical crisis in Pakistan.,1.2M avg ,Low
True Detective (S2),TV,2015,HBO,Crime Drama,Nic Pizzolatto,"Colin Farrell, Rachel McAdams",7.9,61%,1 Emmy Nom ,4,Investigation into a corrupt city manager.,11.3M avg ,High
Nightingale,Movie,2015,HBO,Drama,Elliott Lester,David Oyelowo,6.3,82%,2 Emmy Noms ,1,Psychological descent of a war veteran.,1.1M viewers ,Low
Looking (S2),TV,2015,HBO,Drama,Michael Lannan,"Jonathan Groff, Murray Bartlett",8.2,88%,GLAAD Nom ,2,Gay friends navigate life in San Francisco.,0.9M avg ,Moderate
San Andreas,Movie,2015,HBO,Action,Brad Peyton,"Dwayne Johnson, Carla Gugino",6.1,48%,Teen Choice Nom ,1,Rescue mission during a major earthquake.,5.5M (Rental) ,High
Mad Max: Fury Road,Movie,2015,HBO,Action/Sci-Fi,George Miller,"Tom Hardy, Charlize Theron",8.1,97%,6 Oscar Wins ,1,Escape from a wasteland tyrant.,7.8M (Platform) ,Extreme
Last Week Tonight,TV,2015,HBO,Talk/News,John Oliver,John Oliver,8.9,94%,1 Emmy Win ,13,Satirical look at news and politics.,4.1M avg ,High
Real Time,TV,2015,HBO,Talk/Variety,Bill Maher,Bill Maher,7.4,78%,Emmy Nom ,24,Political talk show with a panel.,4.0M avg ,High
Hard Knocks,TV,2015,HBO,Documentary,NFL Films,Houston Texans,8.4,,Sports Emmy Win ,26,Training camp with an NFL team.,3.5M avg ,High
Doll & Em (S2),TV,2015,HBO,Comedy,Emily Mortimer,"Emily Mortimer, Dolly Wells",7.1,85%,British Comedy Nom ,2,Best friends navigate Hollywood fame.,0.5M avg ,Low
Vice,TV,2015,HBO,Docuseries,Shane Smith,Various Journalists,8.1,,Emmy Win ,8,Investigative reports on global issues.,2.0M avg ,Moderate
Project Greenlight,TV,2015,HBO,Reality,Matt Damon,Jason Mann,7.4,,Emmy Nom ,4,Documentary on making a first film.,1.5M avg ,Moderate
Westworld (S1),TV,2016,HBO,Sci-Fi/Western,Jonathan Nolan,"Evan Rachel Wood, Anthony Hopkins",8.5,87%,22 Emmy Noms ,4,Androids in a theme park gain consciousness.,12M total ep ,Very High
The Night Of,Miniseries,2016,HBO,Crime Drama,Steven Zaillian,"Riz Ahmed, John Turturro",8.4,94%,5 Emmy Wins ,1,A man wakes up to find a woman murdered.,7.1M total ,High
Insecure (S1),TV,2016,HBO,Comedy,Issa Rae,"Issa Rae, Yvonne Orji",8.1,100%,1 Emmy Win ,5,Modern black woman experiences in LA.,3.2M avg ,High
Vice Principals (S1),TV,2016,HBO,Dark Comedy,Danny McBride,"Danny McBride, Walton Goggins",8,78%,1 Emmy Nom ,2,Rivals team up to take down a principal.,4.8M avg ,Moderate
The Young Pope,TV,2016,HBO,Drama,Paolo Sorrentino,"Jude Law, Diane Keaton",8.1,83%,2 Emmy Noms ,1,A young American becomes the Pope.,4.5M avg ,Moderate
High Maintenance (S1),TV,2016,HBO,Anthology,Ben Sinclair,Ben Sinclair,8,98%,WGA Nom ,4,A weed dealer interacts with NYC clients.,1.8M avg ,Cult Favorite
Divorce (S1),TV,2016,HBO,Comedy,Sharon Horgan,Sarah Jessica Parker,6.8,63%,Golden Globe Nom ,3,A couple negotiates a long divorce.,4.1M avg ,Moderate
Vinyl (S1),TV,2016,HBO,Period Drama,Martin Scorsese,"Bobby Cannavale, Olivia Wilde",7.7,77%,2 Emmy Noms ,1,1970s New York music scene.,3.8M avg ,Moderate
All the Way,Movie,2016,HBO,Biography,Jay Roach,"Bryan Cranston, Anthony Mackie",7.3,87%,8 Emmy Noms ,1,LBJ's first year as US President.,2.1M viewers ,Moderate
Confirmation,Movie,2016,HBO,Drama,Rick Famuyiwa,Kerry Washington,6.7,84%,2 Emmy Noms ,1,Clarence Thomas Supreme Court hearings.,2.5M viewers ,Moderate
Game of Thrones (S6),TV,2016,HBO,Fantasy,"David Benioff, D.B. Weiss","Kit Harington, Emilia Clarke, Peter Dinklage",9.2,94%,12 Emmy Wins ,8,The battle for the North commences.,25.1M avg ,Extreme
Veep (S5),TV,2016,HBO,Comedy,David Mandel,Julia Louis-Dreyfus,8.7,94%,Emmy Comedy Win,7,A presidential recount hangs in the balance.,4.8M avg ,High
Silicon Valley (S3),TV,2016,HBO,Comedy,Mike Judge,Thomas Middleditch,8.5,100%,11 Emmy Noms ,6,Pied Piper faces corporate takeover.,5.8M avg ,High
Girls (S5),TV,2016,HBO,Comedy,Lena Dunham,"Lena Dunham, Allison Williams",7.4,88%,Emmy Win ,6,Friends in their 20s drift apart.,2.4M avg ,High
Ballers (S2),TV,2016,HBO,Sports Dramedy,Stephen Levinson,Dwayne Johnson,7.6,70%,People's Choice Nom ,5,Spencer expands his business to Miami.,9.1M avg ,High
Last Week Tonight,TV,2016,HBO,Talk/News,John Oliver,John Oliver,8.9,100%,3 Emmy Wins ,13,Deep dives into social issues.,4.5M avg ,High
Real Time,TV,2016,HBO,Talk/Variety,Bill Maher,Bill Maher,7.4,80%,Emmy Nom ,24,Post-election political analysis.,4.2M avg ,High
Mapplethorpe,Movie,2016,HBO,Doc,Fenton Bailey,Robert Mapplethorpe,7.1,,Emmy Nom ,1,Life of the controversial photographer.,1.0M viewers ,Low
Marathon,Movie,2016,HBO,Documentary,Ricki Stern,Various,7.8,,Emmy Nom ,1,The Boston Marathon bombing aftermath.,1.5M viewers ,Moderate
Class Divide,Movie,2016,HBO,Documentary,Marc Levin,Various,7.2,100%,Critics Choice Nom ,1,"Gentrification in Chelsea, New York.",0.8M viewers ,Low
Big Little Lies (S1),Miniseries,2017,HBO,Mystery Drama,David E. Kelley,"Nicole Kidman, Reese Witherspoon",8.5,93%,8 Emmy Wins ,2,Mothers' lives unravel after a murder.,8.5M total ,Very High
The Deuce (S1),TV,2017,HBO,Period Drama,David Simon,"James Franco, Maggie Gyllenhaal",8.1,93%,1 Golden Globe Nom ,3,The rise of the porn industry in NYC.,2.5M avg ,Moderate
Room 104 (S1),TV,2017,HBO,Anthology,Duplass Brothers,Various,6.1,88%,1 Emmy Nom ,4,Stories set in a single motel room.,0.7M avg ,Cult
Crashing (S1),TV,2017,HBO,Comedy,Pete Holmes,"Pete Holmes, Artie Lange",7.6,90%,1 Emmy Nom ,3,Comedian starts over after divorce.,1.8M avg ,Moderate
Gunpowder,Miniseries,2017,HBO,Historical,Ronan Bennett,"Kit Harington, Liv Tyler",6.6,72%,1 BAFTA Nom ,1,The Gunpowder Plot of 1605.,3.5M total ,Moderate
The Wizard of Lies,Movie,2017,HBO,Drama,Barry Levinson,"Robert De Niro, Michelle Pfeiffer",6.8,72%,4 Emmy Noms ,1,The fall of Bernie Madoff.,3.1M viewers ,High
The Immortal Life,Movie,2017,HBO,Drama,George C. Wolfe,"Oprah Winfrey, Rose Byrne",7,64%,1 Emmy Nom ,1,Searching for Henrietta Lacks' legacy.,4.2M viewers ,High
Tour de Pharmacy,Movie,2017,HBO,Comedy,Jake Szymanski,"Andy Samberg, John Cena",7.1,89%,1 Emmy Nom ,1,Mockumentary on 1980s cycling.,1.8M viewers ,Moderate
Game of Thrones (S7),TV,2017,HBO,Fantasy,"David Benioff, D.B. Weiss","Kit Harington, Emilia Clarke, Peter Dinklage",9.2,93%,1 Emmy Win ,8,The Night King breaks the Wall.,32.8M avg ,Extreme
Silicon Valley (S4),TV,2017,HBO,Comedy,Mike Judge,Thomas Middleditch,8.5,97%,10 Emmy Noms ,6,Richard builds a new internet.,5.1M avg ,High
Veep (S6),TV,2017,HBO,Comedy,David Mandel,Julia Louis-Dreyfus,8.7,96%,Emmy Comedy Win,7,Selina Meyer writes her memoirs.,4.2M avg ,High
Insecure (S2),TV,2017,HBO,Comedy,Issa Rae,Issa Rae,8.1,98%,2 Emmy Noms ,5,Issa navigates the single life.,3.5M avg ,High
Vice Principals (S2),TV,2017,HBO,Comedy,Danny McBride,Danny McBride,8,92%,Critics Choice Nom ,2,The hunt for Gamby's shooter.,4.1M avg ,Moderate
Ballers (S3),TV,2017,HBO,Sports Dramedy,Stephen Levinson,Dwayne Johnson,7.6,60%,NAACP Win ,5,Spencer brings football to Las Vegas.,8.5M avg ,High
The Defiant Ones,Miniseries,2017,HBO,Documentary,Allen Hughes,"Dr. Dre, Jimmy Iovine",8.5,100%,1 Grammy Win ,1,Relationship between Dre and Iovine.,4.0M avg ,High
Bright Lights,Movie,2017,HBO,Doc,Fisher Stevens,"Carrie Fisher, Debbie Reynolds",8,100%,2 Emmy Noms ,1,Portrait of the iconic mother-daughter.,2.1M viewers ,Moderate
If You're Not in the,Movie,2017,HBO,Documentary,Danny Gold,Various,7.6,,Emmy Nom ,1,Creative legends who are over 90.,1.1M viewers ,Low
Cries from Syria,Movie,2017,HBO,Documentary,Evgeny Afineevsky,Various,8.5,92%,Emmy Nom ,1,Account of the Syrian Civil War.,0.9M viewers ,Low
Spielbergs,Movie,2017,HBO,Documentary,Susan Lacy,Steven Spielberg,7.7,92%,Emmy Nom ,1,Life and work of Steven Spielberg.,1.8M viewers ,Moderate
Baltimore Rising,Movie,2017,HBO,Documentary,Sonja Sohn,Various,7.1,,Cinema Eye Nom ,1,Activists in the wake of Freddie Gray.,0.7M viewers ,Low
Succession (S1),TV,2018,HBO,Satire/Drama,Jesse Armstrong,"Brian Cox, Jeremy Strong",8.9,89%,Emmy Best Drama ,4,A media tycoon's children vie for control.,3.5M avg ,Very High
Barry (S1),TV,2018,HBO,Dark Comedy,"Bill Hader, Alec Berg","Bill Hader, Henry Winkler",8.8,98%,3 Emmy Wins ,4,A hitman tries to become an actor.,2.5M avg ,High
Sharp Objects,Miniseries,2018,HBO,Mystery,Jean-Marc Vallée,"Amy Adams, Patricia Clarkson",8.1,92%,1 Golden Globe Win ,1,Reporter returns home to solve murders.,7.5M total ,High
My Brilliant Friend,TV,2018,HBO,Period Drama,Saverio Costanzo,Gaia Girace,8.6,98%,1 Peabody Win ,4,Two girls grow up in post-war Naples.,1.5M avg ,Cult
Here and Now,TV,2018,HBO,Drama,Alan Ball,"Tim Robbins, Holly Hunter",6.6,24%,nan,1,Multi-racial family in modern America.,1.8M avg ,Low
Paterno,Movie,2018,HBO,Biography,Barry Levinson,Al Pacino,6.5,73%,2 Emmy Noms ,1,Joe Paterno during the Sandusky scandal.,2.8M viewers ,Moderate
The Tale,Movie,2018,HBO,Drama,Jennifer Fox,"Laura Dern, Elizabeth Debicki",7.2,99%,2 Emmy Noms ,1,Filmmaker re-examines her first romance.,1.9M viewers ,Moderate
Fahrenheit 451,Movie,2018,HBO,Sci-Fi,Ramin Bahrani,Michael B. Jordan,4.9,32%,5 Emmy Noms ,1,Dystopian future where books are burned.,3.5M viewers ,High
Sally4Ever,TV,2018,HBO,Comedy,Julia Davis,"Julia Davis, Catherine Shepherd",6.8,97%,1 BAFTA Nom ,1,Sally leaves her boring boyfriend.,0.4M avg ,Low
Camping,TV,2018,HBO,Comedy,Lena Dunham,"Jennifer Garner, David Tennant",5.2,27%,nan,1,A camping trip becomes a disaster.,1.1M avg ,Moderate
Westworld (S2),TV,2018,HBO,Sci-Fi,Jonathan Nolan,Evan Rachel Wood,8.5,85%,4 Emmy Wins ,4,The host rebellion spreads to the park.,10.5M total ,High
Silicon Valley (S5),TV,2018,HBO,Comedy,Mike Judge,Thomas Middleditch,8.5,89%,7 Emmy Noms ,6,Pied Piper scales up but faces bugs.,4.8M avg ,High
Insecure (S3),TV,2018,HBO,Comedy,Issa Rae,Issa Rae,8.1,94%,1 Emmy Nom ,5,Issa moves on from Lawrence.,3.8M avg ,High
Ballers (S4),TV,2018,HBO,Sports Dramedy,Stephen Levinson,Dwayne Johnson,7.6,55%,People's Choice ,5,Spencer deals with the NCAA in LA.,8.2M avg ,High
Last Week Tonight,TV,2018,HBO,Talk/News,John Oliver,John Oliver,8.9,100%,4 Emmy Wins ,13,Global trade and social media ethics.,4.8M avg ,High
Real Time,TV,2018,HBO,Talk/Variety,Bill Maher,Bill Maher,7.4,85%,Emmy Nom ,24,Midterm election cycles.,4.5M avg ,High
Robin Williams,Movie,2018,HBO,Documentary,Marina Zenovich,Robin Williams,8,96%,3 Emmy Noms ,1,Life and comedy of Robin Williams.,2.5M viewers ,High
Andre the Giant,Movie,2018,HBO,Documentary,Jason Hehir,Various,8.1,94%,Sports Emmy Win ,1,Biography of the wrestling legend.,3.0M viewers ,High
The Zen Diaries,Movie,2018,HBO,Documentary,Judd Apatow,Garry Shandling,8.4,100%,Emmy Win ,1,The life of Garry Shandling.,1.8M viewers ,Moderate
King in the Wilder,Movie,2018,HBO,Documentary,Peter Kunhardt,Martin Luther King Jr,8,100%,Emmy Win ,1,Dr. King's final years.,1.2M viewers ,Moderate
Chernobyl,Miniseries,2019,HBO,History Drama,Craig Mazin,"Jared Harris, Stellan Skarsgård",9.3,95%,10 Emmy Wins ,1,The 1986 nuclear disaster.,12M total ,Very High
Euphoria (S1),TV,2019,HBO,Teen Drama,Sam Levinson,"Zendaya, Hunter Schafer",8.3,80%,3 Emmy Wins ,3,Teens navigate drug addiction and trauma.,6.6M total ,Very High
Watchmen,Miniseries,2019,HBO,Superhero/Mystery,Damon Lindelof,"Regina King, Jeremy Irons",8.2,96%,11 Emmy Wins ,1,Alternate history legacy of superheroes.,7.1M total ,High
Succession (S2),TV,2019,HBO,Satire/Drama,Jesse Armstrong,"Jeremy Strong, Sarah Snook",8.9,97%,Emmy Best Drama ,4,The Roy family faces the Pierce merger.,4.8M avg ,Very High
Barry (S2),TV,2019,HBO,Dark Comedy,Bill Hader,Bill Hader,8.8,100%,3 Emmy Wins ,4,Barry struggles to balance acting and killing.,3.2M avg ,High
Big Little Lies (S2),TV,2019,HBO,Mystery Drama,Kelley,"Nicole Kidman, Meryl Streep",8.5,85%,1 Emmy Nom ,2,"The ""Monterey Five"" hide their secret.",10.5M total ,High
Game of Thrones (S8),TV,2019,HBO,Fantasy,"David Benioff, D.B. Weiss","Kit Harington, Emilia Clarke, Peter Dinklage",9.2,55%,12 Emmy Wins ,8,The final battle for the Iron Throne.,44.2M total ,Extreme
His Dark Materials,TV,2019,HBO,Fantasy,Jack Thorne,Dafne Keen,7.8,81%,2 Emmy Noms ,3,Orphans in a multiverse.,4.5M total ,High
Los Espookys (S1),TV,2019,HBO,Comedy,Julio Torres,Julio Torres,7.4,100%,Peabody Nom ,2,Horror enthusiasts run a gore business.,0.8M avg ,Cult
Years and Years,Miniseries,2019,HBO,Sci-Fi,Russell T. Davies,Emma Thompson,8.3,89%,1 Emmy Nom ,1,15 years in the life of a British family.,2.1M total ,Moderate
Our Boys,Miniseries,2019,HBO,Crime Drama,Hagai Levi,Various,7.3,94%,1 Emmy Nom ,1,Events leading to the 2014 Gaza conflict.,1.8M total ,Moderate
Catherine the Great,Miniseries,2019,HBO,Period Drama,Nigel Williams,Helen Mirren,6.2,68%,Golden Globe Nom ,1,The later years of the Russian Empress.,3.5M total ,Moderate
Deadwood: Movie,Movie,2019,HBO,Western,David Milch,Ian McShane,7.4,98%,8 Emmy Noms ,1,Reunion of the Deadwood characters.,2.5M viewers ,High
Bad Education,Movie,2019,HBO,Crime Comedy,Cory Finley,"Hugh Jackman, Allison Janney",7.1,94%,1 Emmy Win ,1,True school embezzlement scandal.,3.2M viewers ,High
Native Son,Movie,2019,HBO,Drama,Rashid Johnson,Ashton Sanders,5.8,61%,1 Emmy Nom ,1,Modern take on Richard Wright's novel.,1.1M viewers ,Low
Share,Movie,2019,HBO,Drama,Pippa Bianco,Rhianne Barreto,6.8,86%,1 Emmy Nom ,1,A teen discovers a video of her assault.,0.8M viewers ,Low
Leaving Neverland,Movie,2019,HBO,Documentary,Dan Reed,James Safechuck,8.1,98%,Emmy Win ,1,Accusations against Michael Jackson.,6.1M viewers ,Extreme
The Apollo,Movie,2019,HBO,Documentary,Roger Ross Williams,Various,8,96%,Emmy Win ,1,History of the Apollo Theater.,1.2M viewers ,Moderate
True Detective (S3),TV,2019,HBO,Crime Drama,Nic Pizzolatto,Mahershala Ali,7.9,85%,1 Emmy Nom ,4,A macabre crime in the Ozarks.,8.5M total ,High
Veep (S7),TV,2019,HBO,Comedy,David Mandel,Julia Louis-Dreyfus,8.7,96%,9 Emmy Noms ,7,Selina Meyer's final run for President.,5.2M total ,High
Raised by Wolves,TV,2020,Max,Sci-Fi,Aaron Guzikowski,Travis Fimmel,7.6,74%,1 Emmy Nom ,2,Androids raise humans on a new planet.,5.5M avg ,High
Flight Attendant,TV,2020,Max,Comedy Drama,Steve Yockey,Kaley Cuoco,7.1,91%,9 Emmy Noms ,2,A woman wakes up to a dead lover.,8.1M avg ,High
Love Life (S1),TV,2020,Max,Rom-Com,Sam Boyd,Anna Kendrick,7.5,81%,nan,2,Anthology of modern romance.,4.2M avg ,Moderate
Close Enough,TV,2020,Max,Animation,J.G. Quintel,J.G. Quintel,7.7,100%,1 Emmy Nom ,3,Couples navigate life in their 30s.,3.5M avg ,High
Legendary,TV,2020,Max,Reality,David Collins,Megan Thee Stallion,7.8,91%,1 Emmy Win ,3,Ballroom competition for $100k.,2.8M avg ,Moderate
Selena + Chef,TV,2020,Max,Reality,Various,Selena Gomez,8.2,,1 Emmy Nom ,5,Selena learns to cook with pros.,4.5M avg ,High
Looney Tunes,TV,2020,Max,Animation,Peter Browngardt,Eric Bauza,8.2,88%,1 Emmy Win ,6,Classic slapstick reboot.,6.2M avg ,High
On the Record,Movie,2020,Max,Documentary,Kirby Dick,Drew Dixon,7.1,99%,Critics Win ,1,Accusations against Russell Simmons.,1.8M ,Moderate
I'll Be Gone in,TV,2020,HBO,Docuseries,Liz Garbus,Michelle McNamara,8.1,96%,1 Emmy Nom ,1,Hunt for the Golden State Killer.,2.5M avg ,Moderate
The Vow,TV,2020,HBO,Docuseries,Jehane Noujaim,Sarah Edmondson,7.1,75%,Emmy Nom ,2,Inside the NXIVM cult.,3.2M avg ,High
Perry Mason,TV,2020,HBO,Period Drama,Ron Fitzgerald,Matthew Rhys,7.6,75%,4 Emmy Noms ,2,1930s LA defense lawyer origin.,8.0M avg ,High
I May Destroy You,TV,2020,HBO,Drama,Michaela Coel,Michaela Coel,8.1,98%,2 Emmy Wins ,1,Dealing with the aftermath of assault.,2.1M avg ,High
The Outsider,TV,2020,HBO,Crime Horror,Richard Price,Ben Mendelsohn,7.7,91%,1 Emmy Nom ,1,Investigation of a child's murder.,9.0M avg ,High
Let Them All Talk,Movie,2020,Max,Comedy Drama,Steven Soderbergh,Meryl Streep,6.1,88%,nan,1,Author takes friends on a cruise.,2.5M ,Moderate
Charm City Kings,Movie,2020,Max,Drama,Angel Manuel Soto,Winston,6.8,79%,Sundance Win ,1,Dirt bike culture in Baltimore.,1.5M ,Moderate
Unpregnant,Movie,2020,Max,Comedy,Rachel Goldenberg,Haley Richardson,6.3,91%,GLAAD Nom ,1,Road trip for an abortion.,1.2M ,Moderate
Superintelligence,Movie,2020,Max,Action Comedy,Ben Falcone,Melissa McCarthy,5.4,31%,nan,1,AI chooses a test subject for humanity.,4.8M ,High
An American Pick,Movie,2020,Max,Comedy,Brandon Trost,Seth Rogen,5.7,73%,nan,1,Man preserved in brine for 100 years.,2.9M ,Moderate
We Are Who We Are,TV,2020,HBO,Drama,Luca Guadagnino,Jack Dylan Grazer,7.2,92%,nan,1,Teens on an American military base.,0.8M avg ,Low
Lovecraft Countr,TV,2020,HBO,Horror Drama,Misha Green,Jonathan Majors,7.1,88%,2 Emmy Wins ,1,Jim Crow America meets monsters.,7.5M avg ,High
Hacks (S1),TV,2021,Max,Dark Comedy,Lucia Aniello,Jean Smart,8.2,100%,3 Emmy Wins ,5,Aging Vegas comic vs. young writer.,8.5M avg ,High
The White Lotus (S1),TV,2021,HBO,Tragicomedy,Mike White,Jennifer Coolidge,7.7,89%,10 Emmy Wins ,3,Vacationers' secrets in Hawaii.,9.2M avg ,Very High
Mare of Easttown,Miniseries,2021,HBO,Crime Drama,Brad Ingelsby,Kate Winslet,8.5,95%,4 Emmy Wins ,1,Detective investigates a local murder.,11M total ,High
Station Eleven,Miniseries,2021,Max,Sci-Fi Drama,P. Somerville,Mackenzie Davis,7.7,98%,1 Emmy Nom ,1,Survival after a flu pandemic.,4.8M total ,Cult
Succession (S3),TV,2021,HBO,Satire/Drama,Jesse Armstrong,Brian Cox,8.9,97%,Emmy Best Drama ,4,Civil war within the Roy family.,6.5M avg ,Very High
Gossip Girl,TV,2021,Max,Teen Drama,Joshua Safran,Alexander,5.3,38%,nan,2,Reboot of the iconic teen series.,7.8M total ,High
Peacemaker,TV,2021,Max,Superhero,James Gunn,John Cena,8.3,94%,1 Emmy Nom ,2,A violent vigilante seeks peace.,10.1M avg ,Very High
Friends: Reunion,Special,2021,Max,Unscripted,Ben Winston,Friends Cast,8,67%,Emmy Nom ,1,Cast returns to the original set.,25M total ,Extreme
Made for Love,TV,2021,Max,Dark Comedy,Alissa Nutting,Cristin Milioti,6.9,94%,1 Emmy Nom ,2,Woman flees a tech billionaire.,3.2M avg ,Moderate
Zack Snyder's JL,Movie,2021,Max,Superhero,Zack Snyder,Ben Affleck,8,71%,MTV Movie Win ,1,The 4-hour director's cut.,15M total ,High
Dune,Movie,2021,Max,Sci-Fi,D. Villeneuve,Chalamet,8,83%,6 Oscar Wins ,1,First part of the epic adaptation.,22M total ,Extreme
No Sudden Move,Movie,2021,Max,Heist,Soderbergh,Don Cheadle,6.4,92%,nan,1,1950s Detroit heist gone wrong.,2.5M ,Moderate
The Suicide Squad,Movie,2021,Max,Superhero,James Gunn,Margot Robbie,7.2,90%,Critics Nom ,1,Task Force X mission to Corto Maltese.,12.8M ,High
Roadrunner,Movie,2021,Max,Documentary,Morgan Neville,Bourdain,7.7,91%,Emmy Nom ,1,Life and death of Anthony Bourdain.,3.1M ,Moderate
The L Word: Gen Q,TV,2021,Max,Drama,Marja-Lewis Ryan,Beals,7,80%,GLAAD Nom ,3,Continuation of the LGBTQ series.,1.8M avg ,Moderate
In Treatment (S4),TV,2021,HBO,Drama,Stephen Levinson,Uzo Aduba,7.3,90%,Emmy Nom ,4,A new therapist sees diverse clients.,1.2M avg ,Low
Scenes from a,Miniseries,2021,HBO,Drama,Hagai Levi,Jessica Chastain,8.1,82%,Golden Globe Nom ,1,Deconstruction of a modern marriage.,2.5M total ,Moderate
Landscapers,Miniseries,2021,HBO,Crime Drama,Ed Sinclair,Olivia Colman,7,98%,BAFTA Winner ,1,Mild-mannered couple kills parents.,1.9M total ,Cult
100 Foot Wave,TV,2021,HBO,Docuseries,Chris Smith,Garrett McNamara,8.1,,Emmy Win ,3,Big-wave surfing in Nazaré.,3.5M avg ,High
Painting with John,TV,2021,HBO,Unscripted,John Lurie,John Lurie,7.5,100%,nan,3,Meditative art and storytelling.,0.4M avg ,Low
House of the Dragon,TV,2022,HBO,Fantasy,Ryan Condal,Matt Smith,8.4,93%,Golden Globe Win ,2,The civil war within the Targaryens.,29M per ep ,Extreme
The Gilded Age,TV,2022,HBO,Period Drama,Julian Fellowes,Carrie Coon,8,76%,Emmy Winner ,3,Social wars in 1880s New York.,8.5M avg ,High
The Rehearsal,TV,2022,HBO,Comedy,Nathan Fielder,Nathan Fielder,8.6,96%,Critics Nom ,2,Man helps people rehearse for life.,2.1M avg ,Cult
The Staircase,Miniseries,2022,Max,Crime Drama,Antonio Campos,Colin Firth,7.1,92%,Emmy Nom ,1,Investigating a wife's death.,6.8M total ,High
Tokyo Vice,TV,2022,Max,Crime Drama,J.T. Rogers,Ansel Elgort,8,88%,1 Emmy Nom ,2,American reporter in 1990s Tokyo.,4.5M avg ,Moderate
Julia,TV,2022,Max,Biography,Daniel Goldfarb,Sarah Lancashire,8.2,93%,Critics Nom ,2,Life of chef Julia Child.,3.2M avg ,Moderate
Our Flag Means,TV,2022,Max,Comedy,David Jenkins,Rhys Darby,7.8,92%,GLAAD Win ,2,Gentleman pirate and Blackbeard.,5.5M avg ,High
Minx,TV,2022,Max,Comedy,Ellen Rapoport,Ophelia Lovibond,7.7,91%,nan,1,First erotic magazine for women.,2.8M avg ,Moderate
Rap Sh!t,TV,2022,Max,Comedy,Issa Rae,Aida Osman,7,100%,1 Emmy Nom ,2,Two rappers from Miami seek fame.,2.4M avg ,Moderate
The White Lotus (S2),TV,2022,HBO,Tragicomedy,Mike White,Jennifer Coolidge,7.7,94%,5 Emmy Wins ,3,Sexual politics and murder in Sicily.,10.1M avg ,Very High
Barry (S3),TV,2022,HBO,Dark Comedy,Bill Hader,Bill Hader,8.8,100%,4 Emmy Wins ,4,Barry's world collapses.,3.5M avg ,High
Westworld (S4),TV,2022,HBO,Sci-Fi,Jonathan Nolan,Evan Rachel Wood,8.5,76%,1 Emmy Nom ,4,Host-controlled world 23 years later.,4.2M avg ,High
Winning Time,TV,2022,HBO,Sports Drama,Max Borenstein,John C. Reilly,8.2,84%,1 Emmy Win ,2,Rise of the Lakers' dynasty.,5.8M avg ,High
The Thaw,TV,2022,Max,Crime Drama,Xawery ?u?awski,Katarzyna Wajda,7,,Polish Film Awards ,3,Polish detective investigates murder.,1.5M avg ,Cult
Father of the Bride,Movie,2022,Max,Comedy,Gary Alazraki,Andy Garcia,5.9,80%,nan,1,Cuban-American wedding drama.,6.5M ,High
Kimi,Movie,2022,Max,Thriller,Soderbergh,Zoë Kravitz,6.3,92%,nan,1,Agoraphobe hears a crime.,4.1M ,Moderate
The Fallout,Movie,2022,Max,Drama,Megan Park,Jenna Ortega,7,93%,SXSW Winner ,1,Students process school shooting.,5.2M ,High
Navalny,Movie,2022,Max,Documentary,Daniel Roher,Alexei Navalny,8.2,99%,Oscar Winner ,1,Investigation into poisoning.,3.5M ,High
We Met In Virtual,Movie,2022,Max,Documentary,Joe Hunting,Various,7.1,94%,Cinema Eye Win ,1,Relationships formed in VR.,0.9M ,Low
The Last Movie Stars,TV,2022,Max,Docuseries,Ethan Hawke,Paul Newman,8.3,100%,Emmy Nom ,1,Paul Newman and Joanne Woodward.,1.8M avg ,Moderate
The Last of Us,TV,2023,HBO,Survival Drama,Craig Mazin,Pedro Pascal,8.7,96%,8 Emmy Wins ,2,Smuggler protects a girl in apocalypse.,32M per ep ,Extreme
Succession (S4),TV,2023,HBO,Satire/Drama,Jesse Armstrong,Kieran Culkin,8.9,97%,Emmy Best Drama ,4,The final battle for Waystar Royco.,9.5M avg ,Very High
Barry (S4),TV,2023,HBO,Dark Comedy,Bill Hader,Bill Hader,8.8,100%,1 Emmy Nom ,4,The consequences of Barry's actions.,4.0M avg ,High
Love & Death,Miniseries,2023,Max,Crime Drama,David E. Kelley,Elizabeth Olsen,7.5,62%,Emmy Nom ,1,Axe murder in a small Texas town.,8.5M total ,High
Full Circle,Miniseries,2023,Max,Mystery,Soderbergh,Claire Danes,6.4,81%,nan,1,Kidnapping investigation in NYC.,4.2M total ,Moderate
Adventure Time:,TV,2023,Max,Animation,Adam Muto,Madeleine Martin,8.6,100%,1 Emmy Nom ,2,Fionna and Cake explore a multiverse.,3.5M avg ,High
VGLY,TV,2023,Max,Coming-of-Age,Various,Benny Emmanuel,7.5,,Mexican TV Win ,2,Aspiring trap music star in Mexico.,1.8M avg ,Cult
Gremlins: Secret,TV,2023,Max,Family,Tze Chun,James Hong,7.1,100%,nan,2,Prequel set in 1920s Shanghai.,4.1M avg ,Moderate
Evil Dead Rise,Movie,2023,Max,Horror,Lee Cronin,Lily Sullivan,6.6,84%,Saturn Nom ,1,Flesh-possessing demons in LA.,10.5M ,High
Wonka,Movie,2023,Max,Musical,Paul King,Timothée Chalamet,7,82%,1 BAFTA Nom ,1,Origin story of the candy maker.,18M ,Extreme
Barbie,Movie,2023,Max,Comedy,Greta Gerwig,Margot Robbie,6.9,88%,1 Oscar Win ,1,Barbie travels to the real world.,45M ,Extreme
The Righteous Gem,TV,2023,HBO,Comedy,Danny McBride,John Goodman,8.1,90%,Emmy Winner ,4,Megachurch family scandals.,5.2M avg ,High
The Idol,TV,2023,HBO,Drama,Sam Levinson,Lily-Rose Depp,4.5,19%,nan,1,Pop star seeks fame in Hollywood.,4.0M avg ,Very High
Gray Matter,Movie,2023,Max,Sci-Fi Thrill,Greg Beeman,Mia Isaac,5.2,,nan,1,Mother and daughter with powers.,1.5M ,Low
Land of Gold,Movie,2023,Max,Drama,Nardeep Khurmi,Nardeep Khurmi,7.1,,Tribeca Win ,1,Trucker finds a young stowaway.,0.8M ,Low
Rock Hudson: All,Movie,2023,Max,Documentary,Stephen Kijak,Rock Hudson,7.6,91%,Emmy Nom ,1,Secret life of the Hollywood star.,1.8M ,Moderate
Bookie (S1),TV,2023,Max,Comedy,Chuck Lorre,Maniscalco,7.1,91%,nan,1,Veteran bookie in a legalizing market.,3.5M avg ,Moderate
Bama Rush,Movie,2023,Max,Documentary,Rachel Fleit,Various,5.1,55%,nan,1,Sorority recruitment at Alabama.,4.2M ,High
The Gilded Age (S2),TV,2023,HBO,Drama,Julian Fellowes,Baranski,8,93%,Emmy Nom ,3,The Opera House wars of NYC.,8.8M avg ,High
Last Week Tonight,TV,2023,HBO,Talk/News,John Oliver,John Oliver,8.9,100%,5 Emmy Wins ,13,Strikes and corporate monopolies.,4.5M avg ,High
The Penguin,TV,2024,HBO,Action Crime,Lauren LeFranc,Colin Farrell,8.3,91%,Emmy Win,1,Rise of Oz Cobb in Gotham.,18M total ,Very High
Dune: Prophecy,TV,2024,HBO,Sci-Fi,Alison Schapker,Emily Watson,7.9,82%,2 Emmy Noms ,2,Origin of the Bene Gesserit.,12.5M avg ,High
Fallout,TV,2024,Max,Sci-Fi/Action,Graham Wagner,Ella Purnell,8.4,93%,ARTEY Win ,2,Surviving post-nuclear wasteland.,11.9B min ,Extreme
Hacks (S3),TV,2024,Max,Comedy,Lucia Aniello,Jean Smart,8.2,100%,3 Emmy Wins ,5,Deborah and Ava reconcile.,9.1M avg ,High
Creature Commando,TV,2024,Max,Animation,James Gunn,Frank Grillo,8.1,91%,nan,1,DC monsters form a task force.,6.5M avg ,High
Juror #2,Movie,2024,Max,Thriller,Clint Eastwood,Nicholas Hoult,7.3,85%,nan,1,Juror realizes he caused the crime.,8.5M ,High
Caddo Lake,Movie,2024,Max,Horror,Celine Held,Dylan O'Brien,6.8,78%,nan,1,Missing girl leads to family secrets.,5.2M ,Moderate
Am I OK?,Movie,2024,Max,Comedy,Tig Notaro,Dakota Johnson,6.6,79%,nan,1,Woman comes out in her 30s.,3.5M ,Moderate
'Salem's Lot,Movie,2024,Max,Horror,Gary Dauberman,Lewis Pullman,5.9,55%,nan,1,Vampires infest a Maine town.,10.2M ,High
Turtles All the,Movie,2024,Max,Drama,Hannah Marks,Isabela Merced,7,91%,nan,1,Teen searches for billionaire.,4.1M ,Moderate
On the Roam,TV,2024,Max,Docuseries,Jason Momoa,Jason Momoa,8.3,,Emmy Win ,2,Momoa travels to find artisans.,3.8M avg ,Moderate
Conan O'Brien Go,TV,2024,Max,Docuseries,Conan O'Brien,Conan O'Brien,8.7,95%,Emmy Win ,2,Conan visits fans globally.,5.5M avg ,High
House of Dragon S2,TV,2024,HBO,Fantasy,Ryan Condal,Emma D'Arcy,8.4,90%,Golden Globe Nom ,2,The war between Black and Green.,25M avg ,Extreme
The Regime,Miniseries,2024,HBO,Thriller,Will Tracy,Kate Winslet,6.1,55%,Emmy Nom ,1,A year in a crumbling palace.,4.5M total ,High
True Detective S4,TV,2024,HBO,Crime Drama,Issa López,Jodie Foster,8,92%,Emmy Win ,4,Disappearance in the Arctic night.,12.7M avg ,Very High
Curb Your S12,TV,2024,HBO,Comedy,Larry David,Larry David,8.7,94%,1 Emmy Nom ,12,Larry faces trial in Atlanta.,6.5M avg ,High
Industry (S3),TV,2024,HBO,Drama,Konrad Kay,Myha'la,8.1,96%,Emmy Nom ,4,Pierpoint enters green energy.,2.5M avg ,Moderate
The Big Bang Theo,TV,2024,Max,Comedy (Acq),Chuck Lorre,Jim Parsons,8.2,81%,Binge King Win ,12,Scientists and their social lives.,29.1B min ,Extreme
Friends,TV,2024,Max,Comedy (Acq),David Crane,Jennifer Aniston,8.9,78%,Legacy Win ,10,Friends in 1990s New York.,21.5B min ,Extreme
Bluey,TV,2024,Max,Kids (Acq),Joe Brumm,Various,9.4,100%,ARTEY Win ,3,Adventures of a puppy.,55.6B min ,Extreme
The Pitt,TV,2025,Max,Medical Drama,R. Scott Gemmill,Noah Wyle,8.2,100%,Emmy Win,3,Modern hospital in Pittsburgh.,11.4B min ,Extreme
IT: Welcome Derry,TV,2025,HBO,Horror,Jason Fuchs,Bill Skarsgård,7.9,82%,NAACP Nom ,1,Origin of Pennywise in Derry.,15.5M avg ,Very High
Task,TV,2025,HBO,Crime Drama,Brad Ingelsby,Mark Ruffalo,8.1,87%,Critics Nom ,1,FBI agent tracks a killer in PA.,12.6M avg ,High
Marty Supreme,Movie,2025,Max,Sports Drama,Josh Safdie,Chalamet,8.9,100%,Oscar Nom ,1,Table tennis star seeks fame.,9.5M ,Very High
The Smashing Mach,Movie,2025,Max,Sports Drama,Benny Safdie,Dwayne Johnson,8.4,91%,Oscar Nom ,1,Life of UFC fighter Mark Kerr.,8.8M ,High
The Chair Company,TV,2025,HBO,Comedy Thrill,Tim Robinson,Tim Robinson,7.5,85%,1 Emmy Nom ,1,Sketchy business office drama.,3.5M avg ,High
I Love LA,TV,2025,HBO,Comedy,Rachel Sennott,Rachel Sennott,7.8,89%,GLAAD Nom ,1,Navigating the Hollywood scene.,4.2M avg ,Moderate
Reformed,TV,2025,Max,Comedy Drama,Various,Various,7.2,,nan,1,French comedy about redemption.,1.1M avg ,Low
The Parenting,Movie,2025,Max,Horror Comedy,Craig Johnson,Brian Cox,7,78%,nan,1,Couples in a haunted Airbnb.,5.8M ,Moderate
Aztec Batman,Movie,2025,Max,Animation,Juan Meza-León,Various,7.1,,nan,1,Batman in Aztec Mexico.,4.1M ,Moderate
Scars of Beauty,TV,2025,Max,Telenovela,Various,Various,6.8,,nan,1,Portuguese-language drama.,1.8M avg ,Moderate
Dust Bunny,Movie,2025,Max,Horror,Bryan Fuller,Mads Mikkelsen,7.3,81%,nan,1,Girl hires neighbor to kill monster.,4.5M ,High
Superman,Movie,2025,Max,Superhero,James Gunn,David Corenswet,8.1,91%,nan,1,First film in the new DCU.,35M ,Extreme
The Dark Wizard,TV,2025,HBO,Docuseries,Various,Dean Potter,8,100%,1 Emmy Nom ,1,Profile of climber Dean Potter.,2.5M avg ,Moderate
Hacks (S4),TV,2025,Max,Comedy,Lucia Aniello,Jean Smart,8.2,100%,5 Emmy Wins ,5,Deborah's late-night TV struggle.,9.8M avg ,High
The White Lotus S3,TV,2025,HBO,Tragicomedy,Mike White,Walton Goggins,7.7,94%,Emmy Win ,3,Vacationers in Thailand.,11.2M avg ,Very High
100 Foot Wave S3,TV,2025,HBO,Docuseries,Chris Smith,McNamara,8.1,,Emmy Win ,3,Big-wave surfing in Nazaré.,4.0M avg ,High
Somebody Somewhere,TV,2025,HBO,Comedy,Hannah Bos,Bridget Everett,8.1,100%,Emmy Win ,3,Community in rural Kansas.,2.5M avg ,High
Running Point,TV,2025,Max,Comedy,Mindy Kaling,Kate Hudson,7,75%,ARTEY Win ,1,Behind the scenes of a sports team.,5.1B min ,Very High
Sean Combs: Reckon,TV,2025,Max,Docuseries,Various,Various,7.2,,ARTEY Win ,1,Deep dive into Diddy.,4.8B min ,Very High
A Knight Seven Kng,TV,2026,HBO,Fantasy,G.R.R. Martin,Peter Claffey,8.4,93%,2 Emmy Noms ,1,Tales of Dunk and Egg.,18.5M avg ,Extreme
Wuthering Heights,Movie,2026,Max,Romance,Emerald Fennell,Margot Robbie,7.8,89%,Oscar Nom ,1,Gothic romance on the moors.,22M ,Very High
Rooster,TV,2026,HBO,Comedy,Various,Various,7.2,,NAACP Nom ,1,Family comedy series.,194 (Daily) ,High
Lanterns,TV,2026,HBO,Sci-Fi/Crime,Chris Mundy,Various,8,91%,nan,1,Intergalactic police mystery.,12.0M avg ,High
Greenland 2,Movie,2026,Max,Action,Ric Waugh,Gerard Butler,6.5,72%,nan,1,Survivors seek the Bone Temple.,10.5M ,High
The Moment,Movie,2026,Max,Mockumentary,Various,Charli XCX,7.1,82%,GLAAD Nom ,1,Pop superstardom satire.,5.5M ,High
In Five Years,Movie,2026,Max,Sci-Fi Rom,Various,Various,7.2,,nan,1,Life seen five years out.,4.2M ,Moderate
Madam Beja,TV,2026,Max,Telenovela,Various,Various,6.8,,nan,1,Portuguese historical drama.,1.8M avg ,Moderate
Banksters,TV,2026,Max,Heist Drama,Various,Various,7,,nan,1,German heist thriller series.,1.2M avg ,Low
Stuart Fails to,TV,2026,Max,Sci-Fi Comedy,Various,Various,7.5,,nan,1,Man tries to save the universe.,2.1M avg ,Moderate
Industry (S4),TV,2026,HBO,Drama,Konrad Kay,Myha'la,8.1,96%,Emmy Winner ,4,Final season of banking drama.,3.5M avg ,Moderate
Euphoria (S3),TV,2026,HBO,Drama,Sam Levinson,Zendaya,8.3,88%,8 Emmy Wins ,3,Rue and Jules time-jump.,28M total ,Extreme
The Pitt (S2),TV,2026,Max,Medical Drama,R. Scott Gemmill,Noah Wyle,8.2,100%,ARTEY Win ,3,Continued hospital drama.,11.6B min ,Extreme
4 Blocks Zero,TV,2026,Max,Crime Drama,Various,Various,8,,nan,1,German crime prequel.,1.5M avg ,Moderate
Melania Rea,TV,2026,Max,True Crime,Various,Various,7.1,,nan,1,Italian true crime drama.,1.2M avg ,Moderate
Gunslingers,Movie,2026,Max,Western,Various,Various,6.8,,nan,1,Modern outlaw thriller.,189 (Daily) ,High
Marty Supreme,Movie,2026,Max,Sports Drama,Safdie,Chalamet,8.9,100%,Oscar Win ,1,Chalamet's career-defining role.,12M total ,Very High
Den of Thieves 2,Movie,2026,Max,Action,Christian Gudegast,Butler,6.1,45%,nan,1,Pantera heist thriller.,207 (Daily) ,High
Memory of a Killer,TV,2026,Max,Thriller,Various,Various,7.4,,nan,1,Hitman neighbor protection plot.,166 (Daily) ,High
La Promesa,TV,2026,Max,Period Drama,Various,Various,7,,nan,1,Spanish soap opera popularity.,125 (Daily) ,Moderate
